# domain/filename	date	title
android/Android 7.1静态快捷方式.md	2016-10-27	Android 7.1 Static Shortcut
android/Android support Annotation.md	2016-09-28	Android support Annotation
android/AndroidWeekly248期 源码库与代码.md	2017-08-25	AndroidWeekly248期 源码库与代码
android/Android原生支持Java8的Lambdas表达式.md	2016-08-25	Android原生支持Java8的Lambdas表达式
android/Android架构组件 - 查看Lifecycles - 第3部分.md	2017-08-25	Android架构组件 - 查看Lifecycles - 第3部分
android/Android架构组件 – 查看Room和LiveData – 第一部分.md	2017-08-25	Android架构组件 – 查看Room和LiveData – 第一部分
android/Android的构建时依赖性修补程序.md	2017-08-25	Android的构建时依赖性修补程序
android/Andro使用AnimatedVectorDrawables处理线路转换.md	2017-08-25	Andro使用AnimatedVectorDrawables处理线路转换
android/Animation- Jump-through.md	2017-08-25	Animation: Jump-through
android/Annotation Processing in Android Studio.md	2016-10-08	Annotation Processing in Android Studio
android/CompositionLocal-Made-Easy.md	2021-11-07	CompositionLocal-Made-Easy
android/DI101 - 第一部分.md	2016-12-29	DI101 - 第一部分
android/DI101-Part1.md	2016-12-29	DI101-第一部分
android/Dagger 2 on producton—reducing methods count.md	2016-08-17	产品使用Dagger 2——减少方法数
android/DiffUtil是必须的!.md	2017-08-25	DiffUtil是必须的!
android/Extension Function.md	2017-08-25	Extension Function
android/Jack和Jill的阴暗面.md	2016-08-17	Jack和Jill的阴暗面
android/Keeping Android runtime permissions from cluttering your app (Headless Dialog Fragments!).md	2016-09-07	Keeping Android runtime permissions from cluttering your app (Headless Dialog Fragments!)
android/Kotlin Contract.md	2021-03-29	Kotlin Contracts
android/Kotlin Data Class.md	2017-08-25	Kotlin Data Class
android/No More findViewById.md	2016-08-17	No More findViewById
android/Playing with Java annotation processing.md	2016-08-17	把玩Java注解处理
android/Recomposition-Made-Easy.md	2021-11-07	Recomposition-Made-Easy
android/RenderScript.md	2017-08-25	RenderScript
android/Using Dagger 2.md	2016-08-17	Android项目使用Dagger2进行依赖注入
android/[译]Android架构组件 – 查看ViewModel – 第二部分.md	2017-08-25	[译]Android架构组件 – 查看ViewModel – 第二部分
android/annotation.html	2016-08-17	Annotation
android/何时调整你的网络图片？.md	2017-08-25	何时调整你的网络图片？
android/使用Dagger 2进行依赖注入.md	2016-08-17	使用Dagger 2进行依赖注入 - API介绍
android/使用DiffUtil更新RecyclerView的智能方式.md	2017-08-25	使用DiffUtil更新RecyclerView的智能方式
android/使用Gradle额外属性管理Android依赖版本.md	2016-08-29	使用Gradle额外属性管理Android依赖版本
android/使用Picasso加载图片.md	2016-08-17	使用Picasso加载图片
android/地图业务重构.md	2017-08-25	地图业务重构
android/展现模式比较.md	2016-08-17	展示模式架构比较MVP(SC)，MVP(PV)，PM，MVVM和MVC
android/异步布局加载.md	2016-08-30	异步布局加载
android/探索Android ConstraintLayout.md	2016-08-17	探索Android ConstraintLayout
android/有效地减少方法数.md	2016-08-17	有效地减少方法数
android/路由器.md	2016-08-17	Router——一切都在正确的位置 映射功能到应用的组件
android/鼓捣RxAndroid-Part1.md	2017-08-25	鼓捣RxAndroid-Part1
android/鼓捣RxAnroid-介绍.md	2016-08-17	鼓捣RxAndroid--介绍
backend/Java注解.md	2016-08-17	Java注解
backend/从SQLite压缩性能：插入.md	2017-08-25	从SQLite压缩性能：插入
backend/潜入字节码操作：使用ASM和Javassist创建审核日志.md	2017-08-25	深入字节码操作：使用ASM和Javassist创建审核日志
backend/理解协程，JVM线程和并发问题.md	2021-04-02	理解协程，JVM线程和并发问题
systems/How JPG Works.md	2016-08-17	JPG如何工作的
systems/How WebP Works.md	2016-08-17	WebP是如何工作的(有损模式)
security/Android Security-Welcome To Shell.md	2016-08-24	Android安全性: 欢迎来到Shell(权限)
